id,label,split,source,source_path,sha256,phash,image
pets_cat_000,cat,train,bhavikjikadara/dog-and-cat-classification-dataset,PetImages\Cat\153.jpg,01ee16f1fd03d81b544ad31d660f5b6fe90cb9cd61fb3f3f854895394a3635de,d839e6e5ca8113cb,images/pets_cat_000.jpg
pets_cat_001,cat,train,bhavikjikadara/dog-and-cat-classification-dataset,PetImages\Cat\5660.jpg,1e4d78d62ab14119555095657eea809ce54cc64cd1df179136440aeb97bbec38,bf9c40e0f3814ee6,images/pets_cat_001.jpg
pets_cat_002,cat,train,bhavikjikadara/dog-and-cat-classification-dataset,PetImages\Cat\291.jpg,cce65bc5a3c60c5a170a4485d95d86a85459609f9b450bf90d8c4304690bed01,962a2b4999e5cd3c,images/pets_cat_002.jpg
pets_cat_003,cat,train,bhavikjikadara/dog-and-cat-classification-dataset,PetImages\Cat\5355.jpg,e6c27626382c70c3dc293fa898963b00e62332d6711491d688f9e634ca928ab1,db606398669b4c73,images/pets_cat_003.jpg
pets_cat_004,cat,train,bhavikjikadara/dog-and-cat-classification-dataset,PetImages\Cat\4968.jpg,feb444b59b9745117d13fd4c5faa6a843b23bedda1b443536067bc99a4fb2fe7,bab8c7ddc0c49872,images/pets_cat_004.jpg
pets_cat_005,cat,train,bhavikjikadara/dog-and-cat-classification-dataset,PetImages\Cat\7720.jpg,f8039619838ea8e9b995b3ed90dda67b8c8728389675aa32bb18e3dcaddd9214,c839668dd3a853e6,images/pets_cat_005.jpg
pets_cat_006,cat,train,bhavikjikadara/dog-and-cat-classification-dataset,PetImages\Cat\5869.jpg,91497ae3f2299e420f8d087cb7dfc5df9d337ba4c727d3d1dd62f31a4c104f2b,ae27b108c7174bce,images/pets_cat_006.jpg
pets_cat_007,cat,train,bhavikjikadara/dog-and-cat-classification-dataset,PetImages\Cat\9615.jpg,3c4d881c5930eef07fd0154abf288e4e0cce310e8ed718058b5f980c1cbdc4b2,95b5c4ceca929d4a,images/pets_cat_007.jpg
pets_cat_008,cat,train,bhavikjikadara/dog-and-cat-classification-dataset,PetImages\Cat\10417.jpg,b0f124fdde59a132fae74f459f9c9b23f553e5d6123ddec7850262705186ed8c,de1d820ab0fad1a7,images/pets_cat_008.jpg
pets_cat_009,cat,train,bhavikjikadara/dog-and-cat-classification-dataset,PetImages\Cat\7684.jpg,b7cb7ab2dcdf549fb2c4a3f0281136c7d3f55ae05e752b04affd3e222024ba13,dcbcd398cc30c1d9,images/pets_cat_009.jpg
pets_cat_010,cat,train,bhavikjikadara/dog-and-cat-classification-dataset,PetImages\Cat\4304.jpg,0dc60312930e880c76bfe4f09c4bbc02f8b4ef1192fa6ff82042f66698e11c01,8cac73630f33307b,images/pets_cat_010.jpg
pets_cat_011,cat,train,bhavikjikadara/dog-and-cat-classification-dataset,PetImages\Cat\2103.jpg,207958b1900ca13e1b82a671b871e2fd6e1c7aa33c2f7114fa8519da5cebb94d,951c3e9a7299498f,images/pets_cat_011.jpg
pets_cat_012,cat,train,bhavikjikadara/dog-and-cat-classification-dataset,PetImages\Cat\7215.jpg,379631eed825cc9d3ddc8e38fd1a3f530a61fdc4c00abf5a58672b3498cfd2cc,cece7c999092c371,images/pets_cat_012.jpg
pets_cat_013,cat,train,bhavikjikadara/dog-and-cat-classification-dataset,PetImages\Cat\6055.jpg,c2a396ecca4a917442d638d991576e2900378119163ee4c8951e999bae45b3d6,cc7a8651be2d11e3,images/pets_cat_013.jpg
pets_cat_014,cat,train,bhavikjikadara/dog-and-cat-classification-dataset,PetImages\Cat\1836.jpg,1bb61126c66f351d9ab92373ab3da90b06adca2bf04327ec34133980b6a0bdf2,8d647523b783fc48,images/pets_cat_014.jpg
pets_cat_015,cat,train,bhavikjikadara/dog-and-cat-classification-dataset,PetImages\Cat\2594.jpg,1ae0082cc4c18bcad17a6729503a01d024548c8eb200b57cffd4eaebe1298f37,bf94d82c94da8764,images/pets_cat_015.jpg
pets_cat_016,cat,train,bhavikjikadara/dog-and-cat-classification-dataset,PetImages\Cat\1265.jpg,8799341bd8818452f49b808cb566485b18d4c18a80dc88286e1771cd1376c909,cb94233c89338fcb,images/pets_cat_016.jpg
pets_cat_017,cat,train,bhavikjikadara/dog-and-cat-classification-dataset,PetImages\Cat\7949.jpg,fb1ae594d28b9a12af11a63ba779f1d8b8739adbb164e375a0dcfb7bd0cb8da8,f41e9336ce307c31,images/pets_cat_017.jpg
pets_cat_018,cat,train,bhavikjikadara/dog-and-cat-classification-dataset,PetImages\Cat\4901.jpg,db35588e0916e9fd437ad9423d178efbb0980f3437d6dff26cdafa600f868d1c,c6e36b96f2789940,images/pets_cat_018.jpg
pets_cat_019,cat,train,bhavikjikadara/dog-and-cat-classification-dataset,PetImages\Cat\8090.jpg,1ce2df4862ad8d2742b4910e3724a179953eb8979f8d740d22d1514fa8a62ff4,de77a06918d80fb4,images/pets_cat_019.jpg
pets_cat_020,cat,train,bhavikjikadara/dog-and-cat-classification-dataset,PetImages\Cat\12126.jpg,545fd39d24322db23e4bced16f31d003343106f910e8a79290b5510d8fa70aac,d7ea3998c622a1d3,images/pets_cat_020.jpg
pets_cat_021,cat,train,bhavikjikadara/dog-and-cat-classification-dataset,PetImages\Cat\12283.jpg,c2b2b1a8ca950b2ff5d3940c29ea3ed61cfd26468c7d33571cd4af3579d31576,ea87a956e11e817a,images/pets_cat_021.jpg
pets_cat_022,cat,train,bhavikjikadara/dog-and-cat-classification-dataset,PetImages\Cat\10185.jpg,2665064907549c661f6b2213b2679287061d015b292f8e6f3356fb9f0e000fa6,a432b2364b49bb6d,images/pets_cat_022.jpg
pets_cat_023,cat,train,bhavikjikadara/dog-and-cat-classification-dataset,PetImages\Cat\761.jpg,2636696090d1cc89b8227e0bc410aaab0c8362554483ea624641755888423bf9,eb4ee5648724d235,images/pets_cat_023.jpg
pets_cat_024,cat,train,bhavikjikadara/dog-and-cat-classification-dataset,PetImages\Cat\7084.jpg,c9ebf5131fd1ba06f1ecb2d4c366e58743d6a68b70331b48b93b3b0fc72dfc01,c01c33ff1e234763,images/pets_cat_024.jpg
pets_cat_025,cat,train,bhavikjikadara/dog-and-cat-classification-dataset,PetImages\Cat\10283.jpg,db44fe0fe0a7359a1a3bcd7c830dc26f7bab8f6d0ee93819c82f1f1b1c35267a,add6c0adba1b5264,images/pets_cat_025.jpg
pets_cat_026,cat,train,bhavikjikadara/dog-and-cat-classification-dataset,PetImages\Cat\67.jpg,b8fe2359f2eb61b312d318cd60db731a3d38b3b70365acb0264e02cebddcf63d,d3b4c41f98693566,images/pets_cat_026.jpg
pets_cat_027,cat,train,bhavikjikadara/dog-and-cat-classification-dataset,PetImages\Cat\4483.jpg,d28de7dde4a0080de3583c06ad6a16e3c38e91a6ea3b6480e15837e44f7a3133,c7b4b14ae6e816e1,images/pets_cat_027.jpg
pets_cat_028,cat,train,bhavikjikadara/dog-and-cat-classification-dataset,PetImages\Cat\5066.jpg,757fc951485faedb95a644913c7c1d5e77e8472dbac0cd9bb936a03e0bff6443,8080df6fc6dacd46,images/pets_cat_028.jpg
pets_cat_029,cat,train,bhavikjikadara/dog-and-cat-classification-dataset,PetImages\Cat\12280.jpg,3b0ef8e47cea84b39b178c5098f75cc70e6e98777a091599189fb2a5b9e7e401,a5125a4fc0e19f2f,images/pets_cat_029.jpg
pets_cat_030,cat,train,bhavikjikadara/dog-and-cat-classification-dataset,PetImages\Cat\6539.jpg,8def503d1719e0c524bc21171e453a65da3056477aa79fbf28d10d8731dcc572,e82d85359e3079da,images/pets_cat_030.jpg
pets_cat_031,cat,train,bhavikjikadara/dog-and-cat-classification-dataset,PetImages\Cat\695.jpg,cb77adbaa746579f3c5953e5b4e1095512f12d237061f671d94b4a834d450358,d959c91c9e70b646,images/pets_cat_031.jpg
pets_cat_032,cat,train,bhavikjikadara/dog-and-cat-classification-dataset,PetImages\Cat\5632.jpg,9ac50802705592392fc0b6c8a7feb1073d777ed59531e9b648900db2e6f428f0,a9a4d68edf92b094,images/pets_cat_032.jpg
pets_cat_033,cat,train,bhavikjikadara/dog-and-cat-classification-dataset,PetImages\Cat\919.jpg,95f3e4bf44d265d6be408558c6b5a03fe7754554f08b79fbfb88d92441861470,ffcb90cac8e0e074,images/pets_cat_033.jpg
pets_cat_034,cat,train,bhavikjikadara/dog-and-cat-classification-dataset,PetImages\Cat\12001.jpg,64b484e4a7c9265d4db7b1740fb5564a4ad0d06b854d214af2f0a409eb624ab2,d3713f9cc0dc8163,images/pets_cat_034.jpg
pets_cat_035,cat,train,bhavikjikadara/dog-and-cat-classification-dataset,PetImages\Cat\9532.jpg,70fc1477bdf39efa0b1e34b483ebec2d43c7ffe40cb1a32e109fb7181605b913,fa95c068855ac36f,images/pets_cat_035.jpg
pets_cat_036,cat,train,bhavikjikadara/dog-and-cat-classification-dataset,PetImages\Cat\2161.jpg,347578bf69656670ac728a1160616ca888bd66237dfe3dd31695c2166a7ba8de,a6bbd80863c7cd1a,images/pets_cat_036.jpg
pets_cat_037,cat,train,bhavikjikadara/dog-and-cat-classification-dataset,PetImages\Cat\9074.jpg,e7d937ce1b8d808e71787b4c5322a2c1ba0091c3d9c8e29769e96cbe016043c8,ed65f274d6098296,images/pets_cat_037.jpg
pets_cat_038,cat,train,bhavikjikadara/dog-and-cat-classification-dataset,PetImages\Cat\120.jpg,da2cfd5bc4e16c86be08928d9e1179a19691800950012437e8365dd0916c4f77,916ba51cd8731d65,images/pets_cat_038.jpg
pets_cat_039,cat,train,bhavikjikadara/dog-and-cat-classification-dataset,PetImages\Cat\4234.jpg,fe74904181882169b7685c48fd8353cb3bcfb749e548125b4cafd41aea1d023e,f1e032793b1466cd,images/pets_cat_039.jpg
pets_cat_040,cat,train,bhavikjikadara/dog-and-cat-classification-dataset,PetImages\Cat\5094.jpg,424379cb3fac9bc628e16fc723a6b9594c7767dfd571d72cc05fef0d78fcb4b4,8df1b7c719262c1c,images/pets_cat_040.jpg
pets_cat_041,cat,train,bhavikjikadara/dog-and-cat-classification-dataset,PetImages\Cat\2449.jpg,e56059a51a4c9bee4fb8b9786f196736174dfd1c1f4bab40f86569ab69bf1474,d815233670de5e3c,images/pets_cat_041.jpg
pets_cat_042,cat,train,bhavikjikadara/dog-and-cat-classification-dataset,PetImages\Cat\4656.jpg,6270b9c67071fefa381ca28a754b0283d978acc340b811a708f3d7a8dabbc18b,a9cb97e44635681b,images/pets_cat_042.jpg
pets_cat_043,cat,train,bhavikjikadara/dog-and-cat-classification-dataset,PetImages\Cat\10136.jpg,302a6a49239a11b4c500ecd2ca2efd5c558febc500764a9fce42790e369d233b,cc31e31cce3324db,images/pets_cat_043.jpg
pets_cat_044,cat,train,bhavikjikadara/dog-and-cat-classification-dataset,PetImages\Cat\10024.jpg,3f91b468f4d8e880ddc80d7851291950d3a616a2626686490186f49f909b9219,f2398c5399646d9a,images/pets_cat_044.jpg
pets_cat_045,cat,train,bhavikjikadara/dog-and-cat-classification-dataset,PetImages\Cat\289.jpg,fa8ffdadf015159ac8d0d402efdd4d5a582e569b1dbf56aee94fbcce6212d293,de3325cd9324a3c6,images/pets_cat_045.jpg
pets_cat_046,cat,train,bhavikjikadara/dog-and-cat-classification-dataset,PetImages\Cat\7892.jpg,ea5cf0f43df74a07dbecbf03d55f1561734f352550f66451d7d642983c934ce2,823fcc124bb367f0,images/pets_cat_046.jpg
pets_cat_047,cat,train,bhavikjikadara/dog-and-cat-classification-dataset,PetImages\Cat\1543.jpg,f1d5eb06bcb1bb3d8022c36d3058026158aa842d5b27d25286cafcf60b684d8f,c9640e4fb17aa572,images/pets_cat_047.jpg
pets_cat_048,cat,train,bhavikjikadara/dog-and-cat-classification-dataset,PetImages\Cat\11772.jpg,dae22fc0d15d4500ede4d82c45d355a51cb1a95fd7925ffacc81674b9a711fb5,e29e64e987d8819e,images/pets_cat_048.jpg
pets_cat_049,cat,train,bhavikjikadara/dog-and-cat-classification-dataset,PetImages\Cat\1759.jpg,a9038626b08b8b4ae938b93f44a9171c4d971f91d754f2fe4e4899bd50f5cb37,bcb296cc61ad8437,images/pets_cat_049.jpg
pets_cat_050,cat,train,bhavikjikadara/dog-and-cat-classification-dataset,PetImages\Cat\8333.jpg,f42764f2be8898d93911cf6428516f79cb9f1b0f91b3cfe88f287e82f9a76e4b,e0f063c71ce1ec1e,images/pets_cat_050.jpg
pets_cat_051,cat,train,bhavikjikadara/dog-and-cat-classification-dataset,PetImages\Cat\6747.jpg,7edb8808c0bdd357d51d583911a6e979a62d7c57ab6247f6ceb8ed25b0835964,f2b7a99d81c2cb60,images/pets_cat_051.jpg
pets_cat_052,cat,train,bhavikjikadara/dog-and-cat-classification-dataset,PetImages\Cat\4075.jpg,98e84f7eb8869ab81208cc9dfb5ce45123d6388d39740a2694a318d5d623c719,abd2900d2ff0b1e3,images/pets_cat_052.jpg
pets_cat_053,cat,train,bhavikjikadara/dog-and-cat-classification-dataset,PetImages\Cat\905.jpg,0f5ad36205fb1150212c85da1e2a0bdb997a036998348e8b3ccb46e7f02082c3,fae29fc818cc613c,images/pets_cat_053.jpg
pets_cat_054,cat,train,bhavikjikadara/dog-and-cat-classification-dataset,PetImages\Cat\7086.jpg,403dc341267d905f00dbcb1cede3c077e03c17cf7b8be6716849b29623f1f782,84797b524c9c33a7,images/pets_cat_054.jpg
pets_cat_055,cat,train,bhavikjikadara/dog-and-cat-classification-dataset,PetImages\Cat\150.jpg,43f1be0dde366a96a879a66f009b7caf2e031dcf23a5ec592aaf725d8a28d51d,e618a755a7d93548,images/pets_cat_055.jpg
pets_cat_056,cat,train,bhavikjikadara/dog-and-cat-classification-dataset,PetImages\Cat\3337.jpg,0224b2fe092ce8f0fee344aa9d6f1351cf2770b10e120b92365166d3a0d9c34a,bd7221dfa6185998,images/pets_cat_056.jpg
pets_cat_057,cat,train,bhavikjikadara/dog-and-cat-classification-dataset,PetImages\Cat\4621.jpg,d55127758253a6480c22410ac6ebf9d518ace356fb17605bb01a392071e91ae6,a8d4bdcf4366b0b0,images/pets_cat_057.jpg
pets_cat_058,cat,train,bhavikjikadara/dog-and-cat-classification-dataset,PetImages\Cat\9252.jpg,e02e8803018fa00ec285027dfdf5de67f6d24ae7be6e76792c8028880380fbfa,9370ac5fad5c21c3,images/pets_cat_058.jpg
pets_cat_059,cat,train,bhavikjikadara/dog-and-cat-classification-dataset,PetImages\Cat\8043.jpg,61493b55d8a470b32d21dadc6ff476522d1d1fbd6e42b9b4e1f880f5ff655258,dc2c718a667a4997,images/pets_cat_059.jpg
pets_cat_060,cat,train,bhavikjikadara/dog-and-cat-classification-dataset,PetImages\Cat\4484.jpg,4c82699fa9ee295cb2b2b50005598ac28513f0b262afdb14eb74d27c6122a39d,c96dbb82921e361e,images/pets_cat_060.jpg
pets_cat_061,cat,train,bhavikjikadara/dog-and-cat-classification-dataset,PetImages\Cat\3812.jpg,053de3133a67a5a968ee4a2ff8318d867efcb931ef13874d1b1e90f78a5829e0,8fe3b499938c8e0e,images/pets_cat_061.jpg
pets_cat_062,cat,train,bhavikjikadara/dog-and-cat-classification-dataset,PetImages\Cat\4961.jpg,6388ad15f29f52a4042bfd44a5e4c35f4c47c6b43fd9cb2e1f90cff25b19ab6b,d633719e85780e71,images/pets_cat_062.jpg
pets_cat_063,cat,train,bhavikjikadara/dog-and-cat-classification-dataset,PetImages\Cat\12335.jpg,15ee36dda7e2d5d48399c1d11a3486ee2cb4e102917f25edd5307cd1b3195585,e367851e92e01f0f,images/pets_cat_063.jpg
pets_cat_064,cat,train,bhavikjikadara/dog-and-cat-classification-dataset,PetImages\Cat\9189.jpg,2eb3421339c63dab0a29f1caef8f6fac9a249cbc9e6065a15f8c3c47b23ced2d,a0afda436167dc98,images/pets_cat_064.jpg
pets_cat_065,cat,train,bhavikjikadara/dog-and-cat-classification-dataset,PetImages\Cat\3442.jpg,feed2d1b2bbdefbccbc7819490945aee670bf602efd38ce319d083531774d6fb,e152ce2d1e1b33cc,images/pets_cat_065.jpg
pets_cat_066,cat,train,bhavikjikadara/dog-and-cat-classification-dataset,PetImages\Cat\5525.jpg,492ff299db581dde62ff035ce3ab2d82895c2aa3c344abf4f6cac680f84c86ae,9c722eca39a63176,images/pets_cat_066.jpg
pets_cat_067,cat,train,bhavikjikadara/dog-and-cat-classification-dataset,PetImages\Cat\7315.jpg,ff8f92ecf18edd88f9ad0d34c90bfe6d284af4528964c5f542adf4dc81d02cb6,a5479226cd19dd1d,images/pets_cat_067.jpg
pets_cat_068,cat,train,bhavikjikadara/dog-and-cat-classification-dataset,PetImages\Cat\6041.jpg,643bbaaf7ebcdcc8ea4a1fdb9f0bc2c3059192fbcef6540bf8e9eece7dac9450,fde20798db854a91,images/pets_cat_068.jpg
pets_cat_069,cat,train,bhavikjikadara/dog-and-cat-classification-dataset,PetImages\Cat\470.jpg,be3c2f974bd0bf4d3ed239c5d1ecf5b281c67a37b0fa8a2a94851de1557cb625,8743666a787e2b70,images/pets_cat_069.jpg
pets_cat_070,cat,train,bhavikjikadara/dog-and-cat-classification-dataset,PetImages\Cat\10070.jpg,ad3027523876ca49d2f9bb19d43ed25128f225ac657b3ce828405cef5ed80f53,9bcd64d2496496c7,images/pets_cat_070.jpg
pets_cat_071,cat,train,bhavikjikadara/dog-and-cat-classification-dataset,PetImages\Cat\8140.jpg,5aece970896031646b66ae1b319e60ba44bab80942580feba6c4cd8be8eccd1e,95e078976358676c,images/pets_cat_071.jpg
pets_cat_072,cat,train,bhavikjikadara/dog-and-cat-classification-dataset,PetImages\Cat\6776.jpg,3868bf7e813544105b03894bfcc84195d36c21ad55e51aa5cf858720fbaec888,aea684c4d69e1e1b,images/pets_cat_072.jpg
pets_cat_073,cat,train,bhavikjikadara/dog-and-cat-classification-dataset,PetImages\Cat\12314.jpg,56e926925c8c05d8a3c75971217beccf7ae3ca2e2f9ad7e054d0d0b526914e80,9ea43bcca11bce32,images/pets_cat_073.jpg
pets_cat_074,cat,train,bhavikjikadara/dog-and-cat-classification-dataset,PetImages\Cat\11034.jpg,388d2a03a83906dbd322f656ac31a00f527d8a8da53e00a37d154a1fcf0809f8,fbc2929d91b62e88,images/pets_cat_074.jpg
pets_cat_075,cat,train,bhavikjikadara/dog-and-cat-classification-dataset,PetImages\Cat\401.jpg,06979a26430f022778a9783c5e39dd59687d16afc22a25d5d7684bc78b8cf1c2,ecee11939618e98d,images/pets_cat_075.jpg
pets_cat_076,cat,train,bhavikjikadara/dog-and-cat-classification-dataset,PetImages\Cat\8272.jpg,2a32b67859bffea25f2644bd4fe3485991d84df8603632daa75b5a9cf4d23cd1,c0873d4fe636c934,images/pets_cat_076.jpg
pets_cat_077,cat,train,bhavikjikadara/dog-and-cat-classification-dataset,PetImages\Cat\9244.jpg,951ccded0e7b05a19f30e55fb374a663c3d1f6b5ddbe3e08a0315bfc4c7b8377,9aa30d57713cc19b,images/pets_cat_077.jpg
pets_cat_078,cat,train,bhavikjikadara/dog-and-cat-classification-dataset,PetImages\Cat\12038.jpg,6800a2ea0263be2c1185c722638e1a98e10ad7cfdc0bbaba786013e6f6fec5c8,95643e68cb98c7c3,images/pets_cat_078.jpg
pets_cat_079,cat,train,bhavikjikadara/dog-and-cat-classification-dataset,PetImages\Cat\1761.jpg,64ebcd6d375499650f7042230878f487cfeb4308794ddc55118e879e44c77ba5,eb499d3ae027dc60,images/pets_cat_079.jpg
pets_cat_080,cat,train,bhavikjikadara/dog-and-cat-classification-dataset,PetImages\Cat\2896.jpg,860ee4e9d86f8fb89ac7530fea3d623aaac406809ea4cb4ea424a3a0e97462be,f5260f9a69257685,images/pets_cat_080.jpg
pets_cat_081,cat,train,bhavikjikadara/dog-and-cat-classification-dataset,PetImages\Cat\9223.jpg,95c941185dc8b46dc9a3295688ca08729a004b0fc152a048eb43e5c0c80b4bc8,be2b984b93b43750,images/pets_cat_081.jpg
pets_cat_082,cat,train,bhavikjikadara/dog-and-cat-classification-dataset,PetImages\Cat\12334.jpg,fc904c563e2323c5025e4150d110f5d0ea9758bc4182c86134fee16e7b275c3d,c6a44bc3aac695d5,images/pets_cat_082.jpg
pets_cat_083,cat,train,bhavikjikadara/dog-and-cat-classification-dataset,PetImages\Cat\2709.jpg,b06bd0b76522e3bca770f0f8509129114a5e4feb7c8bf3179a154d7d8f8d8a37,890c647d7c619b76,images/pets_cat_083.jpg
pets_cat_084,cat,train,bhavikjikadara/dog-and-cat-classification-dataset,PetImages\Cat\9373.jpg,085299e5c62de18673f5eaea5109918e15c8937de8a1029d8e666bd4736ef669,e3364cf1da04596e,images/pets_cat_084.jpg
pets_cat_085,cat,train,bhavikjikadara/dog-and-cat-classification-dataset,PetImages\Cat\12311.jpg,4672e946b0e4c664fd488cdcef4f2507e5beec72c9bef9e1827caf1ba0f57144,b5e38a6fb094b183,images/pets_cat_085.jpg
pets_cat_086,cat,train,bhavikjikadara/dog-and-cat-classification-dataset,PetImages\Cat\10122.jpg,542d82c953b6453d658003ce90bbbeda89f1e839ae8b828cbac3e722e80d099e,d169143a3933367b,images/pets_cat_086.jpg
pets_cat_087,cat,train,bhavikjikadara/dog-and-cat-classification-dataset,PetImages\Cat\10196.jpg,831225f50b0068bd86ad4c185953291b30e8b5eb48736c1b74599bb44f57c5d7,e6908879ed17b712,images/pets_cat_087.jpg
pets_cat_088,cat,train,bhavikjikadara/dog-and-cat-classification-dataset,PetImages\Cat\6770.jpg,f0bccbb6b5731d66f70a4a9673b5eecd7c2437c799908e0128b87581805508cd,cf13f043c57c8c5c,images/pets_cat_088.jpg
pets_cat_089,cat,train,bhavikjikadara/dog-and-cat-classification-dataset,PetImages\Cat\10046.jpg,6b58ec5ef924c6e8b57966ddc086071ead2ffe894bf85f38e9443a3a7e3221b5,91762e1c7be90d45,images/pets_cat_089.jpg
pets_cat_090,cat,train,bhavikjikadara/dog-and-cat-classification-dataset,PetImages\Cat\6507.jpg,9a669917e63181ef49c71cd0bb939ac8be97770f58d96e8fdcbfe957dacdcbd7,b5e44dcada8b8ac8,images/pets_cat_090.jpg
pets_cat_091,cat,train,bhavikjikadara/dog-and-cat-classification-dataset,PetImages\Cat\6310.jpg,885df57d5fa3d850e6a0b16a270d7d908d076bea6cdc7aa0528ea95fbffd0717,fe2f81c096c278ea,images/pets_cat_091.jpg
pets_cat_092,cat,train,bhavikjikadara/dog-and-cat-classification-dataset,PetImages\Cat\4516.jpg,eb22e252e415f92c6c38c15d49f76b345599bec3c761b37746090baee5908875,b817e1661479f227,images/pets_cat_092.jpg
pets_cat_093,cat,train,bhavikjikadara/dog-and-cat-classification-dataset,PetImages\Cat\11412.jpg,fd460bb8eb202bdc14655a424d787f44922bd9ed27838527de0b4089c9c1bd7f,abed4b869249593c,images/pets_cat_093.jpg
pets_cat_094,cat,train,bhavikjikadara/dog-and-cat-classification-dataset,PetImages\Cat\6859.jpg,823ca4cb759fec08e3770855aa210866288baf224373387f84df6a4a765fd94b,e5ce926989b5cc32,images/pets_cat_094.jpg
pets_cat_095,cat,train,bhavikjikadara/dog-and-cat-classification-dataset,PetImages\Cat\2898.jpg,71b998b0203728a1c778a542008a7c72adec4fb625c41022e6656651deb8982b,d268d932cd4dcb32,images/pets_cat_095.jpg
pets_cat_096,cat,train,bhavikjikadara/dog-and-cat-classification-dataset,PetImages\Cat\5742.jpg,0ed615fb6b640e0c9d71c45a33f30ce60bf32faf495b0519555915c066e4fc07,b1ccd239e43ac972,images/pets_cat_096.jpg
pets_cat_097,cat,train,bhavikjikadara/dog-and-cat-classification-dataset,PetImages\Cat\7071.jpg,868ab52efaa71d8018d227e5775c65b56ca443b8f4fc7946cd3ab303ef53824a,9594784a636b6b66,images/pets_cat_097.jpg
pets_cat_098,cat,train,bhavikjikadara/dog-and-cat-classification-dataset,PetImages\Cat\2208.jpg,64f24d38a64f796d3815fe49f370bca2d87f8987e19d931db357729b28e2e775,adc8c0c4d2933f3d,images/pets_cat_098.jpg
pets_cat_099,cat,train,bhavikjikadara/dog-and-cat-classification-dataset,PetImages\Cat\5996.jpg,f9d002da887549f7154a1ede6a4c1fbb765d4ca744518348c471b957b67d8f85,c9ee36a8cc9371a4,images/pets_cat_099.jpg
pets_cat_100,cat,validation,bhavikjikadara/dog-and-cat-classification-dataset,PetImages\Cat\1182.jpg,30ec9d9c519dd8924a3bc7a05e55015deb0f5bb932048b1f1b8d5322262d9762,bed0c5854f6238d6,images/pets_cat_100.jpg
pets_cat_101,cat,validation,bhavikjikadara/dog-and-cat-classification-dataset,PetImages\Cat\10330.jpg,4cd7c6b8ef40c8f61c029d01b45046e5fa5f983f4c191f9ca4c7d233c65de797,803030bbeccd79cf,images/pets_cat_101.jpg
pets_cat_102,cat,validation,bhavikjikadara/dog-and-cat-classification-dataset,PetImages\Cat\10054.jpg,6a0ff1941a4ecdf0b82d09b5a30e7e2cd385668b97c85e17295104c57efa70fb,8321d6bbc5e2ad46,images/pets_cat_102.jpg
pets_cat_103,cat,validation,bhavikjikadara/dog-and-cat-classification-dataset,PetImages\Cat\5768.jpg,a6d7fa858fdff49284a74a1b3afb04a29ee651266a2c4a68581424be682dd729,8aea2658f0f24a3f,images/pets_cat_103.jpg
pets_cat_104,cat,validation,bhavikjikadara/dog-and-cat-classification-dataset,PetImages\Cat\1794.jpg,c2b717892ce48991864ffe5fbf5a5518e2176fdb803f9bc9c9cc51a7c36efa7b,e07b929548536ead,images/pets_cat_104.jpg
pets_cat_105,cat,validation,bhavikjikadara/dog-and-cat-classification-dataset,PetImages\Cat\1218.jpg,4ccf4201d607ad4aa2320ae0ff39b8999ac81b046dee7b72a039da5495d93b1f,a575d22ba5b432ca,images/pets_cat_105.jpg
pets_cat_106,cat,validation,bhavikjikadara/dog-and-cat-classification-dataset,PetImages\Cat\7918.jpg,1158185bd56cc98518334e1c265e9bba6ed5594f1500912ff06843b2dd68d878,9a736cc7e11a94a5,images/pets_cat_106.jpg
pets_cat_107,cat,validation,bhavikjikadara/dog-and-cat-classification-dataset,PetImages\Cat\8773.jpg,394bd56323c29880ebbb24e4e27a30509671b6bee4ba0a7604e905b8d201d490,88ae6592a3d9d2e3,images/pets_cat_107.jpg
pets_cat_108,cat,validation,bhavikjikadara/dog-and-cat-classification-dataset,PetImages\Cat\3243.jpg,7ca000ee64b460b648bc1e895fdc9274f9992ead306e1ad2c5a7b584c7fb48d8,c17e8ea1609eb9ac,images/pets_cat_108.jpg
pets_cat_109,cat,validation,bhavikjikadara/dog-and-cat-classification-dataset,PetImages\Cat\4455.jpg,a39c5172d1a47efe62a5dff2ec1d350247dc6e2d240313ba731a0691e0d1f417,980a3f1c21d5b7cb,images/pets_cat_109.jpg
pets_cat_110,cat,validation,bhavikjikadara/dog-and-cat-classification-dataset,PetImages\Cat\3979.jpg,a609d78f6e60b515de2baa2d8f4c213903f25083724c66a14b77cb29d40ce11a,cb383c8b920ff1e2,images/pets_cat_110.jpg
pets_cat_111,cat,validation,bhavikjikadara/dog-and-cat-classification-dataset,PetImages\Cat\9014.jpg,7714632b1fbdb847f9a2b5cf9bd8c65f268f2ea724953685a982db11fa78f0a4,c34b3236703a3fe1,images/pets_cat_111.jpg
pets_cat_112,cat,validation,bhavikjikadara/dog-and-cat-classification-dataset,PetImages\Cat\7852.jpg,c452171fd2da71009e18a2eb4f6c91307ca010ebdcb5d8579ca35e00ec82471d,8d7636cc8c872df0,images/pets_cat_112.jpg
pets_cat_113,cat,validation,bhavikjikadara/dog-and-cat-classification-dataset,PetImages\Cat\5879.jpg,179849674c0d2dc0d59f56f6ea75d7ccd8b7b6d45d430e78f99c14001f4b1711,956a6a496a637395,images/pets_cat_113.jpg
pets_cat_114,cat,validation,bhavikjikadara/dog-and-cat-classification-dataset,PetImages\Cat\6623.jpg,9f19fe81ffc810f502eed73cbebd0b3a0b3dcc2a428405616784898eae034754,ee81b1c8db319ccc,images/pets_cat_114.jpg
pets_cat_115,cat,validation,bhavikjikadara/dog-and-cat-classification-dataset,PetImages\Cat\5336.jpg,823a7d3f30645dc555a804721d316e39471cb9b947ccbedfc9af18570b7420ea,95697a97a5887878,images/pets_cat_115.jpg
pets_cat_116,cat,validation,bhavikjikadara/dog-and-cat-classification-dataset,PetImages\Cat\5196.jpg,3b3fdffa09e067652d86913c1c1ff896e3706959a208e856715ec831a0262823,90acbd168632f2f9,images/pets_cat_116.jpg
pets_cat_117,cat,validation,bhavikjikadara/dog-and-cat-classification-dataset,PetImages\Cat\7660.jpg,84f9541523222e8868311d022667c1220a59baa75c720af19af20b38194313bd,d12b351e64b4caf2,images/pets_cat_117.jpg
pets_cat_118,cat,validation,bhavikjikadara/dog-and-cat-classification-dataset,PetImages\Cat\5020.jpg,ff0f456f5e4f97bf8f6d107c7abe271b87dc84fa66a926c0592a55a9760c2ed4,aa2ab50ff62d424d,images/pets_cat_118.jpg
pets_cat_119,cat,validation,bhavikjikadara/dog-and-cat-classification-dataset,PetImages\Cat\8890.jpg,c3f47e257f5e87c5191474655be808645504c7c383385cdfafa177ced5fb3bdc,d4c18e3db13645dc,images/pets_cat_119.jpg
pets_cat_120,cat,test,bhavikjikadara/dog-and-cat-classification-dataset,PetImages\Cat\10926.jpg,e034e15ba73776c542747c7498fd2ebd5ada9331995c8ad66ffbd1b01447fb15,84107e3f6e7a69a8,images/pets_cat_120.jpg
pets_cat_121,cat,test,bhavikjikadara/dog-and-cat-classification-dataset,PetImages\Cat\10481.jpg,2ecee9c987011ca8ce72411db6f2d155afc0ac6aaa272f6d4533a3887ad576a5,9baf2692b2b991a8,images/pets_cat_121.jpg
pets_cat_122,cat,test,bhavikjikadara/dog-and-cat-classification-dataset,PetImages\Cat\3353.jpg,6bc3387b3075c4ebf59df2895a79a07b13e9e481743ac17daa11ae0ed838d769,8a22d6d909e6ef16,images/pets_cat_122.jpg
pets_cat_123,cat,test,bhavikjikadara/dog-and-cat-classification-dataset,PetImages\Cat\9594.jpg,f59b32f06ecd142b1614df21ae8f6d8e11ab41a82ce4bc3ec1ef68c40e35f664,e7b3905b58a4855e,images/pets_cat_123.jpg
pets_cat_124,cat,test,bhavikjikadara/dog-and-cat-classification-dataset,PetImages\Cat\9932.jpg,ba3b5d2981548ba03e591b6bf8fa2682a39c3c7d096947c83046d5595cedc6ab,aa05d53ac43fe42d,images/pets_cat_124.jpg
pets_dog_000,dog,train,bhavikjikadara/dog-and-cat-classification-dataset,PetImages\Dog\11651.jpg,46b7a1bc7f9bc056c35a77093f63461dc22a51a1a0b6d0fda995a70f111a18bf,ce46b97816b62a71,images/pets_dog_000.jpg
pets_dog_001,dog,train,bhavikjikadara/dog-and-cat-classification-dataset,PetImages\Dog\125.jpg,409a83b508f1db83c940d71c67e9ebe39b57999704d870db3f7a44a0e5384673,c291c55a1f26e937,images/pets_dog_001.jpg
pets_dog_002,dog,train,bhavikjikadara/dog-and-cat-classification-dataset,PetImages\Dog\7175.jpg,d2317724e599eec065315c26a344c5ce0379c17a7abaccfac619021b95a333c4,bdc843e16a9ab83c,images/pets_dog_002.jpg
pets_dog_003,dog,train,bhavikjikadara/dog-and-cat-classification-dataset,PetImages\Dog\5503.jpg,8e33eaa09bbb7d3f6b9f34153c041feb5081135b5ca9bc8bc1ef95185a38f9fd,cf91603fe21e6896,images/pets_dog_003.jpg
pets_dog_004,dog,train,bhavikjikadara/dog-and-cat-classification-dataset,PetImages\Dog\1723.jpg,828777447198239b0a4574d8d8a2fe5c0666e126572859335e1a4b424e06ba0f,923aedf7a0607187,images/pets_dog_004.jpg
pets_dog_005,dog,train,bhavikjikadara/dog-and-cat-classification-dataset,PetImages\Dog\12380.jpg,a1d8b0b5d56496ee28728d06119cc7419255fef494779efa4502d8e12434ce91,a509ba6b483ee33c,images/pets_dog_005.jpg
pets_dog_006,dog,train,bhavikjikadara/dog-and-cat-classification-dataset,PetImages\Dog\6716.jpg,2ae88f5a0bf310b991cdd9d32003202ac022c51686b2ae34e3b0210140a18d2a,bd794689b199ad11,images/pets_dog_006.jpg
pets_dog_007,dog,train,bhavikjikadara/dog-and-cat-classification-dataset,PetImages\Dog\7893.jpg,2e91c138bfc043a3df2a4bddf048ce140b8b807a546c94dc70cdbb1daab64745,d61890674f6ef071,images/pets_dog_007.jpg
pets_dog_008,dog,train,bhavikjikadara/dog-and-cat-classification-dataset,PetImages\Dog\6241.jpg,18e5eab1b3606cb92cf3d8c7ccedc7f9d36249de4eb0789cc6d449d6a5a32e19,8310f8323c7f07cf,images/pets_dog_008.jpg
pets_dog_009,dog,train,bhavikjikadara/dog-and-cat-classification-dataset,PetImages\Dog\9890.jpg,2b22d6eab2a4e59fa5739464cb24329b38362753b076c07884e0383fe46796c6,ace1e39edc909296,images/pets_dog_009.jpg
pets_dog_010,dog,train,bhavikjikadara/dog-and-cat-classification-dataset,PetImages\Dog\4467.jpg,47731b37966e0d202f9d0b02e50e88e66bce9bdb65dbc1c8b202d0290c0ecac2,d87927354b8c36c6,images/pets_dog_010.jpg
pets_dog_011,dog,train,bhavikjikadara/dog-and-cat-classification-dataset,PetImages\Dog\7051.jpg,102ea5b0ebfd6c8dbaa66699af95eaac517519be8072294d5d22af4efa7a5cf7,9a32676e6d6c2cc4,images/pets_dog_011.jpg
pets_dog_012,dog,train,bhavikjikadara/dog-and-cat-classification-dataset,PetImages\Dog\6738.jpg,faabceb78ff75a1404ce727e78d4053132cc2dc621fced1749e1b467911e89e4,cb183163072f6b4f,images/pets_dog_012.jpg
pets_dog_013,dog,train,bhavikjikadara/dog-and-cat-classification-dataset,PetImages\Dog\11825.jpg,1500a7cd245218a4e8c44137575831f231298732f68c8ea10e7503c3c3effd3a,955d64625ada929b,images/pets_dog_013.jpg
pets_dog_014,dog,train,bhavikjikadara/dog-and-cat-classification-dataset,PetImages\Dog\5916.jpg,c722383b8411ba7d2ea861e7ad49da3845943e2fcb862158080e0e93051b1b55,841f7a25ff702865,images/pets_dog_014.jpg
pets_dog_015,dog,train,bhavikjikadara/dog-and-cat-classification-dataset,PetImages\Dog\2671.jpg,2424b77ba0b0e512fbe19c6b678d20eda8531db2c26c16773e85158fc9e58ef6,c39c6cc7f1213e0b,images/pets_dog_015.jpg
pets_dog_016,dog,train,bhavikjikadara/dog-and-cat-classification-dataset,PetImages\Dog\10855.jpg,df1d8e7309a0cf3140fa98c34b47e1ea7e9e27a64d96ebb36d311fb9798a7307,b6e3431ed831ce0e,images/pets_dog_016.jpg
pets_dog_017,dog,train,bhavikjikadara/dog-and-cat-classification-dataset,PetImages\Dog\5202.jpg,89e50cf5e86597de5414e03ffae85cc247fffb353941a64b6ee2d7b2fd0443d8,bbe1955eb1f21203,images/pets_dog_017.jpg
pets_dog_018,dog,train,bhavikjikadara/dog-and-cat-classification-dataset,PetImages\Dog\11403.jpg,7004aa22c594d51f1a9b63cab6b8332e6ed2a07c98dc61f5767c1f802286b9ee,834e4d2f3e507aa3,images/pets_dog_018.jpg
pets_dog_019,dog,train,bhavikjikadara/dog-and-cat-classification-dataset,PetImages\Dog\3392.jpg,d9d3da51891b013b24841f7bb67514cf181eefcc37e8b87725d68c9fbd0adee0,c04b6cee9ecc8e62,images/pets_dog_019.jpg
pets_dog_020,dog,train,bhavikjikadara/dog-and-cat-classification-dataset,PetImages\Dog\5970.jpg,1d4494b04948634eec4ea35cbe090d80b481b3e0f0234ebd0efcc877b04f1b5f,c6fb902c3336493b,images/pets_dog_020.jpg
pets_dog_021,dog,train,bhavikjikadara/dog-and-cat-classification-dataset,PetImages\Dog\3918.jpg,77b75a79c0dd859fba3c9603aa5b4bd2e6f87df41df14d379205f77dcca0177e,985e3d704e997235,images/pets_dog_021.jpg
pets_dog_022,dog,train,bhavikjikadara/dog-and-cat-classification-dataset,PetImages\Dog\2641.jpg,2e2698af1aa264ebfc87f80d8a7bb35134470cb7036c32dd62ab51cd9fa0d96a,e39496ced3888cf1,images/pets_dog_022.jpg
pets_dog_023,dog,train,bhavikjikadara/dog-and-cat-classification-dataset,PetImages\Dog\3168.jpg,f8662b69601b80c80cbfc5c66f6bc0d52f7fe9d230bf315ff48848e6b0f4cf1a,fc94071e32c1f0ee,images/pets_dog_023.jpg
pets_dog_024,dog,train,bhavikjikadara/dog-and-cat-classification-dataset,PetImages\Dog\3580.jpg,07203a2542d34599ac7fb862d8e1ef140c11303aceea01a39277152640e8b10f,d631698bfc220d6e,images/pets_dog_024.jpg
pets_dog_025,dog,train,bhavikjikadara/dog-and-cat-classification-dataset,PetImages\Dog\8009.jpg,18f7d9c12a1add12c377987761422d4d001772bb34329e5e39aaf9668c8f4206,f1e0d507c8969c9d,images/pets_dog_025.jpg
pets_dog_026,dog,train,bhavikjikadara/dog-and-cat-classification-dataset,PetImages\Dog\9064.jpg,6b4f7a941d4e01d7bdf9d0515fe11e017d0918fa1a9bdac4803c185807e54739,99ccacb1630edd34,images/pets_dog_026.jpg
pets_dog_027,dog,train,bhavikjikadara/dog-and-cat-classification-dataset,PetImages\Dog\9746.jpg,9571f77bfeba3e7b2cf8bb696747afff24cfcdb732b8d914b2dcf0f8c8023024,f4c38c9993ec2770,images/pets_dog_027.jpg
pets_dog_028,dog,train,bhavikjikadara/dog-and-cat-classification-dataset,PetImages\Dog\5062.jpg,aca544701ae61c57aecf0e1c8c46f72c78a512b6b3a792ad4e6b12a875244458,9985a661fe129b69,images/pets_dog_028.jpg
pets_dog_029,dog,train,bhavikjikadara/dog-and-cat-classification-dataset,PetImages\Dog\9988.jpg,e798fe7b0b85d8bce76f0d80b8e7ff633946faf2c336f4241b0f38540040d7e5,f1e4ac5628a53b56,images/pets_dog_029.jpg
pets_dog_030,dog,train,bhavikjikadara/dog-and-cat-classification-dataset,PetImages\Dog\1150.jpg,7e6163bcebed08e3dd7dce35fa0b561bd049ef4cc4251ee3be266ee9cb3bf6f4,932d508717e04ff9,images/pets_dog_030.jpg
pets_dog_031,dog,train,bhavikjikadara/dog-and-cat-classification-dataset,PetImages\Dog\3145.jpg,11519d60f4952cafece9b25801e60b90bde68b735ae934910e32f7a3b3cf32de,ad557c2ceeb44c12,images/pets_dog_031.jpg
pets_dog_032,dog,train,bhavikjikadara/dog-and-cat-classification-dataset,PetImages\Dog\7163.jpg,2b17355069a26e0cfa9c2a54bc495e12f15074a23150250bc65a38f4530ddd05,af6cc8c0c1756da5,images/pets_dog_032.jpg
pets_dog_033,dog,train,bhavikjikadara/dog-and-cat-classification-dataset,PetImages\Dog\1457.jpg,9085de81f11975e1982da9e408187663c4073c819423f952e15a0474e62cfa5d,bce0c39ec8a9499b,images/pets_dog_033.jpg
pets_dog_034,dog,train,bhavikjikadara/dog-and-cat-classification-dataset,PetImages\Dog\1922.jpg,5654d60d7139f528305ea84fe48a1032361b3b389984e262391ff18059a3c916,984e9d3576b06666,images/pets_dog_034.jpg
pets_dog_035,dog,train,bhavikjikadara/dog-and-cat-classification-dataset,PetImages\Dog\10836.jpg,120cd5f172e97c5c30fc3b7fe0b0d5f88d63e4fc3ea529669a395530ceeee988,d839b592c64d4cdc,images/pets_dog_035.jpg
pets_dog_036,dog,train,bhavikjikadara/dog-and-cat-classification-dataset,PetImages\Dog\6283.jpg,b7eb6d716275873a5ca3f06369cc018143e204625cc30cb768120d2c212b2fd0,a9e4c99bb2c5cc38,images/pets_dog_036.jpg
pets_dog_037,dog,train,bhavikjikadara/dog-and-cat-classification-dataset,PetImages\Dog\4939.jpg,f0b20f6fb1741a67f9afc7ba98acfbee8428e01f059ddd4fad6964485e50e052,ef325005d678b9a9,images/pets_dog_037.jpg
pets_dog_038,dog,train,bhavikjikadara/dog-and-cat-classification-dataset,PetImages\Dog\5755.jpg,dcddec25f4be4fa68aea714a805b05bb67f6d18b5e510172c4e0487e3d915cb2,d8816d9f35319c65,images/pets_dog_038.jpg
pets_dog_039,dog,train,bhavikjikadara/dog-and-cat-classification-dataset,PetImages\Dog\8793.jpg,2f51799340aee2f4b8cef268b8e38faee015a2eb8e31e353fe631228462f880f,90dd9b98db003737,images/pets_dog_039.jpg
pets_dog_040,dog,train,bhavikjikadara/dog-and-cat-classification-dataset,PetImages\Dog\45.jpg,5a0352a2defa48c8daebda970b1af3aae28af313f55c2cc2fdc2675cb2278373,819f503a9673729b,images/pets_dog_040.jpg
pets_dog_041,dog,train,bhavikjikadara/dog-and-cat-classification-dataset,PetImages\Dog\10811.jpg,c509dbafe6249bded74b71e9e08890ea6412c52bccd886f30048e46e7565550b,bf62c3cd843438d6,images/pets_dog_041.jpg
pets_dog_042,dog,train,bhavikjikadara/dog-and-cat-classification-dataset,PetImages\Dog\7803.jpg,28ad9729adbc61baba63ad282cd09b292c500cabcd6f565e39624a29fc25289a,b552cb39221f7d06,images/pets_dog_042.jpg
pets_dog_043,dog,train,bhavikjikadara/dog-and-cat-classification-dataset,PetImages\Dog\4801.jpg,69967eb6dde0d760f8c0bc37f6ccb4a8ae2c2cdf328019f1bd5eec77372c558b,d48d87a2986a7bc3,images/pets_dog_043.jpg
pets_dog_044,dog,train,bhavikjikadara/dog-and-cat-classification-dataset,PetImages\Dog\2535.jpg,33156aeeb7e73730e4bdde786b709e3fbd6faae7ad30c749e4dc8b1e7fdc742e,b3fde00389e71b24,images/pets_dog_044.jpg
pets_dog_045,dog,train,bhavikjikadara/dog-and-cat-classification-dataset,PetImages\Dog\6887.jpg,57560405a0de892bd99d612424de9aaed73afc145acf9362b342d71c538cc5fe,91c9395b7a32d89a,images/pets_dog_045.jpg
pets_dog_046,dog,train,bhavikjikadara/dog-and-cat-classification-dataset,PetImages\Dog\10738.jpg,4f6c329ce74803a11ac5fae3f603b22fbb4c5dfbb53167c2ce8e08a147ce0e72,bcdec36141d00f3d,images/pets_dog_046.jpg
pets_dog_047,dog,train,bhavikjikadara/dog-and-cat-classification-dataset,PetImages\Dog\8871.jpg,441f6973cfef9512ffcfb7088211bafbfd23c91fdb8249260cafb229dc5c45e8,cc797bccc123a586,images/pets_dog_047.jpg
pets_dog_048,dog,train,bhavikjikadara/dog-and-cat-classification-dataset,PetImages\Dog\2096.jpg,ac7fed4a1523b4d871d4e8c9ed703ab05c4dfbaeb2ccd8f1b18f041298750d97,b878c70db1872793,images/pets_dog_048.jpg
pets_dog_049,dog,train,bhavikjikadara/dog-and-cat-classification-dataset,PetImages\Dog\1027.jpg,f978e871dea4c9ce6308b2639475fe3e6f1155615f2eb321d47f73b57efc5b51,bfbfa3b090d0c885,images/pets_dog_049.jpg
pets_dog_050,dog,train,bhavikjikadara/dog-and-cat-classification-dataset,PetImages\Dog\1720.jpg,7b6033ed589210616f4b63c3f6fd1df832e9cc86eefb8db1b186c410d0217b7a,b3d1cc2cceccc632,images/pets_dog_050.jpg
pets_dog_051,dog,train,bhavikjikadara/dog-and-cat-classification-dataset,PetImages\Dog\6870.jpg,93a6fb27f579edc1c5dfcde04501c3c2cca7c4717d2d505c06183a3967a4e011,86cc5d9943b1b52e,images/pets_dog_051.jpg
pets_dog_052,dog,train,bhavikjikadara/dog-and-cat-classification-dataset,PetImages\Dog\7491.jpg,1fe3a6a14e86781e1f7942ca3cb97cc294c1cbcd310def794384232179d8fe1c,af3cd06a78a1e670,images/pets_dog_052.jpg
pets_dog_053,dog,train,bhavikjikadara/dog-and-cat-classification-dataset,PetImages\Dog\2845.jpg,00f09c322557b383b3a32a54cf49484776a19a5189e564bd57d5cb38aa600a6d,b5159666f73d0ac0,images/pets_dog_053.jpg
pets_dog_054,dog,train,bhavikjikadara/dog-and-cat-classification-dataset,PetImages\Dog\4974.jpg,a0c21ec022687b490c275682b184cb2d6ab04381ac1367fd7aa226f17fd8c3c9,b61bc47802cf19e7,images/pets_dog_054.jpg
pets_dog_055,dog,train,bhavikjikadara/dog-and-cat-classification-dataset,PetImages\Dog\222.jpg,93cc17451cd2a8e213631565d74e895a127450459fc846944a903a71ca9ec603,a8505641fd3f1f92,images/pets_dog_055.jpg
pets_dog_056,dog,train,bhavikjikadara/dog-and-cat-classification-dataset,PetImages\Dog\11708.jpg,c46319543557fdb9e7a2dad0e94f8b1f1fda507a79c8f5af9480b7d64a329035,b7b7976920963298,images/pets_dog_056.jpg
pets_dog_057,dog,train,bhavikjikadara/dog-and-cat-classification-dataset,PetImages\Dog\6368.jpg,7a9c949678930b510f5f5ecbca4c309994447a0512270b871530c3bb0dc80e26,bd1fd6c68089e9e0,images/pets_dog_057.jpg
pets_dog_058,dog,train,bhavikjikadara/dog-and-cat-classification-dataset,PetImages\Dog\10457.jpg,56ed2144545c8a9da365e4e42ce44b37e10548cd565d82efbd9dbe0a8a4a3176,e74fc2c73d460b21,images/pets_dog_058.jpg
pets_dog_059,dog,train,bhavikjikadara/dog-and-cat-classification-dataset,PetImages\Dog\3312.jpg,9bcc93d4e186465231332e6a5d4a3397aa55959ebf70dda2cec55c27043f0b96,e0f99b9ae8313784,images/pets_dog_059.jpg
pets_dog_060,dog,train,bhavikjikadara/dog-and-cat-classification-dataset,PetImages\Dog\4485.jpg,ddfa827f0f427901e5b701cca9c6a819b756f43f4b941bcb1e7c5615e02a50de,98cc2f31f3f780d0,images/pets_dog_060.jpg
pets_dog_061,dog,train,bhavikjikadara/dog-and-cat-classification-dataset,PetImages\Dog\8286.jpg,043134155ea25676946549061ef88b44718ebd63960809f025d6517208f55926,ea74b5da466d1889,images/pets_dog_061.jpg
pets_dog_062,dog,train,bhavikjikadara/dog-and-cat-classification-dataset,PetImages\Dog\862.jpg,1179cc90d4591a036de5b10085eb0c2dabcaf64433362e37381cde0185727d33,9a59278f606a6877,images/pets_dog_062.jpg
pets_dog_063,dog,train,bhavikjikadara/dog-and-cat-classification-dataset,PetImages\Dog\10394.jpg,9b168329c7f61f67b32265dc716c68cfb8f4d97e6f5017c0ccb70a5051278a6b,e236654bda34c32d,images/pets_dog_063.jpg
pets_dog_064,dog,train,bhavikjikadara/dog-and-cat-classification-dataset,PetImages\Dog\6729.jpg,cb0a4a6073153bb3d30f899ba2cddc0895b84fb6ae5525e3005a03cf57401392,eb9385cc4e381a9b,images/pets_dog_064.jpg
pets_dog_065,dog,train,bhavikjikadara/dog-and-cat-classification-dataset,PetImages\Dog\9557.jpg,777f375fa2c315055a22713350d8fd146b93394d6a7d3b7f4a0133a9ce29f9ff,996b166bab35505a,images/pets_dog_065.jpg
pets_dog_066,dog,train,bhavikjikadara/dog-and-cat-classification-dataset,PetImages\Dog\7316.jpg,fd6d1bfc7d073f7ec2e66cfbbb1108e7866bd9c767f578935db7fd378ecac92c,d16ea4516ac6a9bc,images/pets_dog_066.jpg
pets_dog_067,dog,train,bhavikjikadara/dog-and-cat-classification-dataset,PetImages\Dog\1021.jpg,c94bea2b77569d63c06f1901cf2a57e486b87c6dfffe25a35681802cb1cd6255,e01a4b0c9db3d3dc,images/pets_dog_067.jpg
pets_dog_068,dog,train,bhavikjikadara/dog-and-cat-classification-dataset,PetImages\Dog\3610.jpg,7fdf3ce8dcc65b4b42229c0686ea56fb931c6e26bfe021520616d44c71707ac0,8732d1ce3d170e1b,images/pets_dog_068.jpg
pets_dog_069,dog,train,bhavikjikadara/dog-and-cat-classification-dataset,PetImages\Dog\7997.jpg,b3cc668551bf4792dbf35444bbb0f1e886ef24fdff28b5ecccf9db619276e131,ffb191ce8432a44d,images/pets_dog_069.jpg
pets_dog_070,dog,train,bhavikjikadara/dog-and-cat-classification-dataset,PetImages\Dog\5585.jpg,42b1284b4d9d496d0ae9968a88762cb46904ac7e4b447ade6882904f75408d52,d2e57c5bce863031,images/pets_dog_070.jpg
pets_dog_071,dog,train,bhavikjikadara/dog-and-cat-classification-dataset,PetImages\Dog\7782.jpg,7a4e953cf17a628f3a72e9dda6184ca7fd6eed5f6f4b750d61d87e9f2d015dee,bfff48a0d858a056,images/pets_dog_071.jpg
pets_dog_072,dog,train,bhavikjikadara/dog-and-cat-classification-dataset,PetImages\Dog\3809.jpg,a6c228e21461c80c9ce9b0b7fbad752c542f6feddfc7f46d370bc664414ad7ac,daca6128cd27716d,images/pets_dog_072.jpg
pets_dog_073,dog,train,bhavikjikadara/dog-and-cat-classification-dataset,PetImages\Dog\12339.jpg,65ada0c8e2fb93e80557a8c1446523289f9b2c2c382d816427216649ef662159,ba05d42fd1e8259b,images/pets_dog_073.jpg
pets_dog_074,dog,train,bhavikjikadara/dog-and-cat-classification-dataset,PetImages\Dog\6584.jpg,40eb6c199781bdfc878d48267b47e5178554e3aa31a21669262fccc59a6dbb14,be3a90d6d6796904,images/pets_dog_074.jpg
pets_dog_075,dog,train,bhavikjikadara/dog-and-cat-classification-dataset,PetImages\Dog\11754.jpg,c4c961bb49751064651a698fd70d97f07394c06c70047f9083da2769646cb792,99466e9956a945b3,images/pets_dog_075.jpg
pets_dog_076,dog,train,bhavikjikadara/dog-and-cat-classification-dataset,PetImages\Dog\3280.jpg,ec4400fd8a6c642d8ad7099b554b8a2eec76e9f030ba77485065665299936a29,ee585c8f5068a7d2,images/pets_dog_076.jpg
pets_dog_077,dog,train,bhavikjikadara/dog-and-cat-classification-dataset,PetImages\Dog\5931.jpg,8bbe039df434a5f01d21aca7313f8a68bdd01debfc24b16c552a41629be818c2,83b73c4de750cc13,images/pets_dog_077.jpg
pets_dog_078,dog,train,bhavikjikadara/dog-and-cat-classification-dataset,PetImages\Dog\3015.jpg,efb60761738b8fb339a02b2669d2859bc07155893b7f0607ca2a560f9ea926e3,e86087b55e96964e,images/pets_dog_078.jpg
pets_dog_079,dog,train,bhavikjikadara/dog-and-cat-classification-dataset,PetImages\Dog\11382.jpg,f9a904ccafd571dba39be3453c297e257375570e5aae9322abeba4f28305978e,d0523737692d4c6e,images/pets_dog_079.jpg
pets_dog_080,dog,train,bhavikjikadara/dog-and-cat-classification-dataset,PetImages\Dog\11267.jpg,4c050f5744b3cef0c84702b8855a685df790549775264990794f44f2f628de9d,a5899af2e4ed3630,images/pets_dog_080.jpg
pets_dog_081,dog,train,bhavikjikadara/dog-and-cat-classification-dataset,PetImages\Dog\12427.jpg,7309761987fa983cdeec9eb3ae3fdd750afdc42f58d2f29a2bf1c330345529d3,f20d4df2843f69c1,images/pets_dog_081.jpg
pets_dog_082,dog,train,bhavikjikadara/dog-and-cat-classification-dataset,PetImages\Dog\3645.jpg,68a953863476fb688f1e3de09181b465713b76d92a1b0630ed45c03d30c39cde,e3af4c90b236b68c,images/pets_dog_082.jpg
pets_dog_083,dog,train,bhavikjikadara/dog-and-cat-classification-dataset,PetImages\Dog\8153.jpg,43ba57421979aa8e3db6bfc7bb0fd464869eaa934182c3a37e0db54d9f2b608c,e43032ef5f9ba430,images/pets_dog_083.jpg
pets_dog_084,dog,train,bhavikjikadara/dog-and-cat-classification-dataset,PetImages\Dog\7380.jpg,f333162d567fa749f5360df4a2b8d1ea38adbf4bc86b4ae93eaef1f51f312786,dfc4ca6367332498,images/pets_dog_084.jpg
pets_dog_085,dog,train,bhavikjikadara/dog-and-cat-classification-dataset,PetImages\Dog\7960.jpg,1b3c8d32bcbc560bbb6c9dab2f1b5f9fd23ed07e823527c3cbd6e4a4e83891bd,fcc3f0ea05fa2154,images/pets_dog_085.jpg
pets_dog_086,dog,train,bhavikjikadara/dog-and-cat-classification-dataset,PetImages\Dog\6562.jpg,0a7eae8111ebc6f760c000f4a73332c494d2aba8d1d7ca59e71415bfce13dad9,f8c4c2f3ec382f28,images/pets_dog_086.jpg
pets_dog_087,dog,train,bhavikjikadara/dog-and-cat-classification-dataset,PetImages\Dog\10918.jpg,ec0563582b795e7308898fe0ba015bb5248b00b02e0406190cabcc0fcc3f9fb8,a4c2d236e75cbb18,images/pets_dog_087.jpg
pets_dog_088,dog,train,bhavikjikadara/dog-and-cat-classification-dataset,PetImages\Dog\5742.jpg,ecca344ac734e35f466c050e297012ef53810d0951a654943cb0eb4ca7ee34c6,cc3132cf7a66d198,images/pets_dog_088.jpg
pets_dog_089,dog,train,bhavikjikadara/dog-and-cat-classification-dataset,PetImages\Dog\7566.jpg,1487f5465fd51cf81907f9105c04548a63410220e7abd812b65d4010e6948900,92e6658f998d88ad,images/pets_dog_089.jpg
pets_dog_090,dog,train,bhavikjikadara/dog-and-cat-classification-dataset,PetImages\Dog\7376.jpg,afdccd32e3f0865ff121df146cc168eb439366223f1e93363fd1b501e132df00,e3b49a0fec43568c,images/pets_dog_090.jpg
pets_dog_091,dog,train,bhavikjikadara/dog-and-cat-classification-dataset,PetImages\Dog\9685.jpg,33322c091e44bc267c9cdfab83a68a98d847869f7623bef0216168a839a660a9,8cb430d94fbf510b,images/pets_dog_091.jpg
pets_dog_092,dog,train,bhavikjikadara/dog-and-cat-classification-dataset,PetImages\Dog\10526.jpg,9e285fea74e0bed9a9f4eb6592bdde6a12cc4e5dd70f8b3e14fbacb173cbe1fb,a7e9d012a0f2f1b5,images/pets_dog_092.jpg
pets_dog_093,dog,train,bhavikjikadara/dog-and-cat-classification-dataset,PetImages\Dog\10327.jpg,cf876974680c031d366509b470298567fffecacc5a2101c3abd048eccdeaa949,8a7167ad552d4666,images/pets_dog_093.jpg
pets_dog_094,dog,train,bhavikjikadara/dog-and-cat-classification-dataset,PetImages\Dog\5958.jpg,5f18a91b53fe286c8ce0729df7cfc46a1dffa5617b45ff61c2716a2859be374d,d4233961873586fe,images/pets_dog_094.jpg
pets_dog_095,dog,train,bhavikjikadara/dog-and-cat-classification-dataset,PetImages\Dog\180.jpg,b707f3fb524a00cc7e87fab98835a654d9d0c45034b58738b050d77ed3a1a8a1,ea63a59e946561ca,images/pets_dog_095.jpg
pets_dog_096,dog,train,bhavikjikadara/dog-and-cat-classification-dataset,PetImages\Dog\5569.jpg,b1fddeefbc8e4ad74ccc94163637c19c86cfa8fdbe1c10fec257f396d51942ac,99c9743669cb3631,images/pets_dog_096.jpg
pets_dog_097,dog,train,bhavikjikadara/dog-and-cat-classification-dataset,PetImages\Dog\4398.jpg,71df70b05d19e9d010df87fd5008d0eb5ff0181951780a22b9ab6c92f2878068,be90f08fc31ac792,images/pets_dog_097.jpg
pets_dog_098,dog,train,bhavikjikadara/dog-and-cat-classification-dataset,PetImages\Dog\4033.jpg,1559c5590e7e938dce4df7d240cb62a07ba752331fa5964c0edbb189b6197058,8f84f0781c3f8787,images/pets_dog_098.jpg
pets_dog_099,dog,train,bhavikjikadara/dog-and-cat-classification-dataset,PetImages\Dog\2229.jpg,a5921b44bd92d9485bc966d92580459b587829335236d46b9028f7d6659a4e3a,b5a585d89e1099f3,images/pets_dog_099.jpg
pets_dog_100,dog,validation,bhavikjikadara/dog-and-cat-classification-dataset,PetImages\Dog\2156.jpg,7466aba6dc50eade4b2eafbe590eb573b2b8e4fc726aeeba1b1b04fe64e783eb,ed6373e04d23cc8c,images/pets_dog_100.jpg
pets_dog_101,dog,validation,bhavikjikadara/dog-and-cat-classification-dataset,PetImages\Dog\12479.jpg,314cb1fe3e8701c0ee74fcf1ae0712814797d526119db1785a752332a14298e8,9c8f74d13a39c52c,images/pets_dog_101.jpg
pets_dog_102,dog,validation,bhavikjikadara/dog-and-cat-classification-dataset,PetImages\Dog\1860.jpg,91a20b1e8ffd21914a2405bb7162bc390336251faa8170e359aa82dd23559abc,ad2386649b0d76e6,images/pets_dog_102.jpg
pets_dog_103,dog,validation,bhavikjikadara/dog-and-cat-classification-dataset,PetImages\Dog\762.jpg,dc2112863cce81d593f0bf864403d6b8e964ed1dbdb072ba8371cbc900b0d27f,8953e51b56392c76,images/pets_dog_103.jpg
pets_dog_104,dog,validation,bhavikjikadara/dog-and-cat-classification-dataset,PetImages\Dog\5868.jpg,356f9f742c5b368c4c5de195b562c53ab7f33b8100927b76531bf601359c6175,8d4db02769367762,images/pets_dog_104.jpg
pets_dog_105,dog,validation,bhavikjikadara/dog-and-cat-classification-dataset,PetImages\Dog\10775.jpg,d85a025976af64d0ff9eaad8df81d637e9e6c78eccb6ee61babb5af8dbcbbc39,df68619637498c87,images/pets_dog_105.jpg
pets_dog_106,dog,validation,bhavikjikadara/dog-and-cat-classification-dataset,PetImages\Dog\3043.jpg,d9199fa1b8616f82d6a0cf2207231adbb8adaef1fe85fe5a2944dd8802842f79,fd3783cb5232a942,images/pets_dog_106.jpg
pets_dog_107,dog,validation,bhavikjikadara/dog-and-cat-classification-dataset,PetImages\Dog\3780.jpg,98849efb8f7b7a235ef85dac89583091fefd0134a53a51a4063aa7f88e3ba350,fa698d167825f1d0,images/pets_dog_107.jpg
pets_dog_108,dog,validation,bhavikjikadara/dog-and-cat-classification-dataset,PetImages\Dog\567.jpg,21606438ac3f37030a1d439b1e6580ed44529d85d309011419eff81cced92198,e2159e6aa58e1d33,images/pets_dog_108.jpg
pets_dog_109,dog,validation,bhavikjikadara/dog-and-cat-classification-dataset,PetImages\Dog\4187.jpg,b0040402b6dd86512c4f242dd3b0b6da212ead3b2e73fe44b4da3ed7b4738310,8db864163be707c9,images/pets_dog_109.jpg
pets_dog_110,dog,validation,bhavikjikadara/dog-and-cat-classification-dataset,PetImages\Dog\2622.jpg,18771add2c828a19a6e22f628080c7cb594542d910e06ee5efbec8a7c442e1b6,a54997582b95e857,images/pets_dog_110.jpg
pets_dog_111,dog,validation,bhavikjikadara/dog-and-cat-classification-dataset,PetImages\Dog\1816.jpg,2bbb80c9bb7eb04d43b5aa9fd3d96cbd5d94a9599e888c77337838573bc839f6,c3ce3d9874692c33,images/pets_dog_111.jpg
pets_dog_112,dog,validation,bhavikjikadara/dog-and-cat-classification-dataset,PetImages\Dog\9215.jpg,28fadb9c33bbdfd25133ba4f28898de8dbcd8fd238f9d54d7263dca91c15de34,ed1ec2e11e8b613c,images/pets_dog_112.jpg
pets_dog_113,dog,validation,bhavikjikadara/dog-and-cat-classification-dataset,PetImages\Dog\11357.jpg,2a4c03d86236298ebd224b6f233db44280d21db08ce3c829927a96208b8eca63,a7670f2a558ec2d4,images/pets_dog_113.jpg
pets_dog_114,dog,validation,bhavikjikadara/dog-and-cat-classification-dataset,PetImages\Dog\4962.jpg,3283b1576926c779be17048c8b3329e09803000001a954d7981ab17371044a78,bfe2b406d8130bdc,images/pets_dog_114.jpg
pets_dog_115,dog,validation,bhavikjikadara/dog-and-cat-classification-dataset,PetImages\Dog\11032.jpg,75b72543e80d6573e36fbd0e9187977f076a421aa48d741b0efa0f39384aa439,cdbdb38c5be070c0,images/pets_dog_115.jpg
pets_dog_116,dog,validation,bhavikjikadara/dog-and-cat-classification-dataset,PetImages\Dog\5358.jpg,cdbd48d9fb18a4365585d269b18f0c0d4317ce862f5ce6d76e53fabfdce6723d,8c27989e61713ecd,images/pets_dog_116.jpg
pets_dog_117,dog,validation,bhavikjikadara/dog-and-cat-classification-dataset,PetImages\Dog\6845.jpg,f9673b8c3b9c956090dfa988927dbc9fe7442d01d79147f081bacc4fa30b57fa,e328c1d7ad335ac8,images/pets_dog_117.jpg
pets_dog_118,dog,validation,bhavikjikadara/dog-and-cat-classification-dataset,PetImages\Dog\4814.jpg,e2c0b3692c5fb676b965f09bfc68e91e010b53890b3bce1c0ba6d51bbe4c564c,860c5ee51617f2d3,images/pets_dog_118.jpg
pets_dog_119,dog,validation,bhavikjikadara/dog-and-cat-classification-dataset,PetImages\Dog\2388.jpg,5e4218062c782fc0df4f4a046902be0379290c8a01ffb1ed05dc344333b9b0c8,9d937c06477f7820,images/pets_dog_119.jpg
pets_dog_120,dog,test,bhavikjikadara/dog-and-cat-classification-dataset,PetImages\Dog\641.jpg,adf14657f084bafff52c5f0428e8665f262dc9477374d4cfe137a4d0b0e84f01,dacb4e563020bbb5,images/pets_dog_120.jpg
pets_dog_121,dog,test,bhavikjikadara/dog-and-cat-classification-dataset,PetImages\Dog\1539.jpg,04a7d52e23a520d956f799d69983232ebccf0eb08cdb71a3352d212b460b8c7e,ea88c59d0fd7b890,images/pets_dog_121.jpg
pets_dog_122,dog,test,bhavikjikadara/dog-and-cat-classification-dataset,PetImages\Dog\6580.jpg,25e83e4b399f0adbe6986eaa0a5ffd8beb183a3af06fd442b33ef97ae5375be6,9adb652473636174,images/pets_dog_122.jpg
pets_dog_123,dog,test,bhavikjikadara/dog-and-cat-classification-dataset,PetImages\Dog\4448.jpg,ff96fb8bf08dc901f949498ea74f32810a841bbaa6011f2e4de4021598c1cac6,bd3f9e90b0324663,images/pets_dog_123.jpg
pets_dog_124,dog,test,bhavikjikadara/dog-and-cat-classification-dataset,PetImages\Dog\11963.jpg,802dcc3df3cd780911fe60fdd5ca3ea7aef37e5fe1e9050a653b86c0d5325aee,9494aa6e9a9acbc3,images/pets_dog_124.jpg
animals_horse_000,horse,ood,alessiocorrado99/animals10,raw-img\cavallo\OIP-C8ajFwrnUdAA2do1zzVqxwHaLJ.jpeg,774d808bce56bfee36ac2a443f2f9a9a900e04d80631a9c9f919729ae0572f53,ce193163e60e3cf1,images/animals_horse_000.jpg
animals_horse_001,horse,ood,alessiocorrado99/animals10,raw-img\cavallo\OIP--wCPAx-nA9conheZ_EFJiQHaE9.jpeg,254c9b29fca050a349145888edb305f25fda840e64eb5f0ab6679fb8bb8c3abd,ea6c8597145a5e6a,images/animals_horse_001.jpg
animals_horse_002,horse,ood,alessiocorrado99/animals10,raw-img\cavallo\OIP-Pn1nL_zHfxFOdiw0IleFewHaFj.jpeg,78bed8502a2f3b479ea3ef53f51706fec75e8e4806e7bef071cae945b2b4dee7,fad69839a564a41b,images/animals_horse_002.jpg
animals_horse_003,horse,ood,alessiocorrado99/animals10,raw-img\cavallo\OIP-5FIFtR4STxC2gL3uXvv_nwHaFL.jpeg,9c3a7bad9933abe9109fe9f228a0a9970aac85b87d442b6904582ea1554a1687,edcbc21635968365,images/animals_horse_003.jpg
animals_horse_004,horse,ood,alessiocorrado99/animals10,raw-img\cavallo\OIP-KKEc-ywd3zRtOZ7rQ3RR-AHaFR.jpeg,2b08163c4a8aee80340eec64a2b42ed6681c7c4ceefee64871e97c6aa462b8e2,e178baa6471b312d,images/animals_horse_004.jpg
animals_sheep_000,sheep,ood,alessiocorrado99/animals10,raw-img\pecora\OIP-8lKdgCvmB-XVJ6sQIAFzIQHaHv.jpeg,b24b2082b4b85151c7ec4c12a51f2539acabe00c4ce317534ec5a2f7060cdccf,bcbf86d9a5246161,images/animals_sheep_000.jpg
animals_sheep_001,sheep,ood,alessiocorrado99/animals10,raw-img\pecora\e837b90621f6083ed1584d05fb1d4e9fe777ead218ac104497f5c978a6eab2b0_640.jpg,83dba9d8675ec75fed5887e3f11d6e5a8ae057d649306021784c97ed9171c803,99da60a51ad2639f,images/animals_sheep_001.jpg
animals_sheep_002,sheep,ood,alessiocorrado99/animals10,raw-img\pecora\OIP--oKB9bq-B1uwlmaWwQuYJgEsDh.jpeg,8fe80fda0628e3e86587ed438824bfd23fab33032d1dba4d386318f8ec07bf10,b2a26566d145e0fd,images/animals_sheep_002.jpg
animals_sheep_003,sheep,ood,alessiocorrado99/animals10,raw-img\pecora\OIP-xf8n1B_teLq_I2S03QmjRAHaH5.jpeg,727cbbb045d2cb4abb01def14728fa944c30e1983186f7cf26df6cebea860f12,e4f98f0732d0689d,images/animals_sheep_003.jpg
animals_sheep_004,sheep,ood,alessiocorrado99/animals10,raw-img\pecora\OIP-IXHLR_NagDEQHpN4c3jLvQAAAA.jpeg,c9ab14f0c9d9b1ae602b5cd66884aded1e150636de998d7e925834b605629216,e07bd9a0533eb063,images/animals_sheep_004.jpg
animals_cow_000,cow,ood,alessiocorrado99/animals10,raw-img\mucca\OIP-Hs-SHePSYpjT_ix3QnDlDgHaES.jpeg,071679b268e75916fc2756145fc71eb107a2ef700b376fd521f1e75a6354283f,a3f9cec6a49c434a,images/animals_cow_000.jpg
animals_cow_001,cow,ood,alessiocorrado99/animals10,raw-img\mucca\OIP-WuAbibr1sF9LzkKqS6PPzgHaFl.jpeg,5ada8e1ede16ca03e41d62635d89c82f2ed198582ee961d196af452203be8d4f,85e526656a0bd51f,images/animals_cow_001.jpg
animals_cow_002,cow,ood,alessiocorrado99/animals10,raw-img\mucca\OIP-HqJWFyuU2ph4habfp1QX-QHaE7.jpeg,2deefbffb01219749c539b94c6111c663ed5e4cbeb3c9aaf6b53e4839fa18d0f,fe909167851ed166,images/animals_cow_002.jpg
animals_cow_003,cow,ood,alessiocorrado99/animals10,raw-img\mucca\OIP-exouo3Sb_jBaZy3-nDnRtAAAAA.jpeg,a8b61d62f93d39b5099b8b16a9c0933320fed3fc2f32e3719bcf92bb76596946,d94366bc791d3892,images/animals_cow_003.jpg
animals_cow_004,cow,ood,alessiocorrado99/animals10,raw-img\mucca\OIP-Yqit4fRjcrPNUUBTCdefGgHaEK.jpeg,eb1b34d8c9cc234acce4651f55df12bae11cdd0c04f462ec1992bbbd70e4c408,f0eb6f4691348c72,images/animals_cow_004.jpg
animals_elephant_000,elephant,ood,alessiocorrado99/animals10,raw-img\elefante\eb3db80b2cfc033ed1584d05fb1d4e9fe777ead218ac104497f5c978a4efb4bb_640.jpg,c93af323560e7d461eea76ccff85762aa87dbdc579e23919ae72297e4abad010,c1c6ff28626550b7,images/animals_elephant_000.jpg
animals_elephant_001,elephant,ood,alessiocorrado99/animals10,raw-img\elefante\OIP-1lvmWJyPLIuHCAHXUZ_MFQHaE8.jpeg,0b56edbbba14b02dc967dc68123405ba6f3fed3c85a4df539e544a051b892693,bc49cbbc90c7c91c,images/animals_elephant_001.jpg
animals_elephant_002,elephant,ood,alessiocorrado99/animals10,raw-img\elefante\OIP-woJkmoeL_aMW9VRuOspHEAAAAA.jpeg,cd3bb9eae7b3af6d0f9907fd85d9f4980b636a25742cd70de21043ed7b8c9421,eb16d26b94d846d1,images/animals_elephant_002.jpg
animals_elephant_003,elephant,ood,alessiocorrado99/animals10,raw-img\elefante\OIP-qCrGGRKeAyaR-HmrAsg_IQHaDF.jpeg,2adfe2f05b96a13788f53bad6181adf86f22ce0c99f59e88b661b7d4b4b19eb2,b8c9c6b6c534c636,images/animals_elephant_003.jpg
animals_elephant_004,elephant,ood,alessiocorrado99/animals10,raw-img\elefante\e834b60f29f4093ed1584d05fb1d4e9fe777ead218ac104497f5c978a4efb4bb_640.jpg,9bbe5f58ad323307c0936d08df6b84807d4a9b4138bec003edc3656d92586fbc,ed909279a0ee91cd,images/animals_elephant_004.jpg
